--Llenado de la base de datos
INSERT INTO tipo_producto(nom_tipo_producto) VALUES('NO_PERECEDEROS');
INSERT INTO producto(nom_producto,tipo_producto_id,precio) VALUES ('ARROZ',1,3000.00);
INSERT INTO producto(nom_producto,tipo_producto_id,precio) VALUES ('LENTEJAS',1,1600.00);
INSERT INTO producto(nom_producto,tipo_producto_id,precio) VALUES ('ACEITE',1,2500.00);
INSERT INTO producto(nom_producto,tipo_producto_id,precio) VALUES ('FRIJOL',1,1800.00);
INSERT INTO producto(nom_producto,tipo_producto_id,precio) VALUES ('PANELA',1,800.00);
INSERT INTO producto(nom_producto,tipo_producto_id,precio) VALUES ('CAFE',1,2500.00);
INSERT INTO tipo_producto(nom_tipo_producto) VALUES('LIMPIEZA');
INSERT INTO producto(nom_producto,tipo_producto_id,precio) VALUES ('JABON LOZA',2,5000.00);
INSERT INTO producto(nom_producto,tipo_producto_id,precio) VALUES ('JABON MANOS',2,8000.00);
INSERT INTO producto(nom_producto,tipo_producto_id,precio) VALUES ('DETERGENTE',2,15000.00);
INSERT INTO producto(nom_producto,tipo_producto_id,precio) VALUES ('CLOROX',2,7500.00);
INSERT INTO tipo_producto(nom_tipo_producto) VALUES('VERDURA');
INSERT INTO producto(nom_producto,tipo_producto_id,precio) VALUES ('CEBOLLA LAR',3,800.00);
INSERT INTO producto(nom_producto,tipo_producto_id,precio) VALUES ('CEBOLLA C',3,500.00);
INSERT INTO producto(nom_producto,tipo_producto_id,precio) VALUES ('PAPA PAS',3,1200.00);
INSERT INTO producto(nom_producto,tipo_producto_id,precio) VALUES ('PAPA SAB',3,950.00);
INSERT INTO producto(nom_producto,tipo_producto_id,precio) VALUES ('TOMATE',3,450.00);
INSERT INTO producto(nom_producto,tipo_producto_id,precio) VALUES ('AJO',3,2500.00);
INSERT INTO producto(nom_producto,tipo_producto_id,precio) VALUES ('ESPINACA',3,700.00);
INSERT INTO producto(nom_producto,tipo_producto_id,precio) VALUES ('LECHUGA',3,1800.00);
INSERT INTO producto(nom_producto,tipo_producto_id,precio) VALUES ('PEPINO',3,450.00);
INSERT INTO producto(nom_producto,tipo_producto_id,precio) VALUES ('CILANTRO',3,450.00);
INSERT INTO tipo_producto(nom_tipo_producto) VALUES('FRUTA');
INSERT INTO producto(nom_producto,tipo_producto_id,precio) VALUES ('PAPAYA',4,1000.00);
INSERT INTO producto(nom_producto,tipo_producto_id,precio) VALUES ('LULO',4,2000.00);
INSERT INTO producto(nom_producto,tipo_producto_id,precio) VALUES ('MANZANA',4,3500.00);
INSERT INTO producto(nom_producto,tipo_producto_id,precio) VALUES ('MANDARINA',4,4500.00);
INSERT INTO producto(nom_producto,tipo_producto_id,precio) VALUES ('NARANJA',4,2000.00);
INSERT INTO producto(nom_producto,tipo_producto_id,precio) VALUES ('PATILLA',4,850.00);
INSERT INTO producto(nom_producto,tipo_producto_id,precio) VALUES ('BANANO',4,750.00);
INSERT INTO puntoDeVenta(punto_de_venta_localidad) VALUES('USAQUEN');
INSERT INTO puntoDeVenta(punto_de_venta_localidad) VALUES('CHAPINERO');
INSERT INTO puntoDeVenta(punto_de_venta_localidad) VALUES('SANTA FE');
INSERT INTO puntoDeVenta(punto_de_venta_localidad) VALUES('SAN CRISTOBAL');
INSERT INTO puntoDeVenta(punto_de_venta_localidad) VALUES('USME');
INSERT INTO puntoDeVenta(punto_de_venta_localidad) VALUES('TUNJUELITO');
INSERT INTO puntoDeVenta(punto_de_venta_localidad) VALUES('BOSA');
INSERT INTO puntoDeVenta(punto_de_venta_localidad) VALUES('KENNEDY');
INSERT INTO puntoDeVenta(punto_de_venta_localidad) VALUES('FONTIBON');
INSERT INTO puntoDeVenta(punto_de_venta_localidad) VALUES('ENGATIVA');
INSERT INTO puntoDeVenta(punto_de_venta_localidad) VALUES('SUBA');
INSERT INTO puntoDeVenta(punto_de_venta_localidad) VALUES('BARRIOS UNIDOS');
INSERT INTO puntoDeVenta(punto_de_venta_localidad) VALUES('TEUSAQUILLO');
INSERT INTO puntoDeVenta(punto_de_venta_localidad) VALUES('LOS MARTIRES');
INSERT INTO puntoDeVenta(punto_de_venta_localidad) VALUES('ANTONIO NARINO');
INSERT INTO puntoDeVenta(punto_de_venta_localidad) VALUES('PUENTE ARANDA');
INSERT INTO puntoDeVenta(punto_de_venta_localidad) VALUES('LA CANDELARIA');
INSERT INTO puntoDeVenta(punto_de_venta_localidad) VALUES('RAFAEL URIBE URIBE');
INSERT INTO puntoDeVenta(punto_de_venta_localidad) VALUES('CIUDAD BOLIVAR');
INSERT INTO puntoDeVenta(punto_de_venta_localidad) VALUES('SUMAPAZ');
INSERT INTO cliente(cliente_cc,cliente_edad,cliente_genero) VALUES ('80.928.275',40,'M');
INSERT INTO factura(factura_cod,cliente_cc,subtotal,punto_de_venta_localidad) VALUES ('BOSA-80928-0','80.928.275',50350.12,'BOSA');
INSERT INTO productosDeFactura(factura_cod,nom_producto,cantidad,valor) VALUES('BOSA-80928-0','TOMATE',2.05,923.93);
INSERT INTO productosDeFactura(factura_cod,nom_producto,cantidad,valor) VALUES('BOSA-80928-0','JABON LOZA',5.00,25000.00);
INSERT INTO productosDeFactura(factura_cod,nom_producto,cantidad,valor) VALUES('BOSA-80928-0','CEBOLLA LAR',5.77,4617.27);
INSERT INTO productosDeFactura(factura_cod,nom_producto,cantidad,valor) VALUES('BOSA-80928-0','DETERGENTE',1.00,15000.00);
INSERT INTO productosDeFactura(factura_cod,nom_producto,cantidad,valor) VALUES('BOSA-80928-0','PAPA PAS',4.01,4808.90);
INSERT INTO cliente(cliente_cc,cliente_edad,cliente_genero) VALUES ('21.846.986',68,'M');
INSERT INTO factura(factura_cod,cliente_cc,subtotal,punto_de_venta_localidad) VALUES ('CIUD-21846-1','21.846.986',35681.88,'CIUDAD BOLIVAR');
INSERT INTO productosDeFactura(factura_cod,nom_producto,cantidad,valor) VALUES('CIUD-21846-1','TOMATE',1.70,766.27);
INSERT INTO productosDeFactura(factura_cod,nom_producto,cantidad,valor) VALUES('CIUD-21846-1','JABON LOZA',5.00,25000.00);
INSERT INTO productosDeFactura(factura_cod,nom_producto,cantidad,valor) VALUES('CIUD-21846-1','ARROZ',1.51,4522.07);
INSERT INTO productosDeFactura(factura_cod,nom_producto,cantidad,valor) VALUES('CIUD-21846-1','LENTEJAS',1.50,2405.57);
INSERT INTO productosDeFactura(factura_cod,nom_producto,cantidad,valor) VALUES('CIUD-21846-1','CEBOLLA LAR',3.73,2987.98);
INSERT INTO cliente(cliente_cc,cliente_edad,cliente_genero) VALUES ('1000.669.884',18,'M');
INSERT INTO factura(factura_cod,cliente_cc,subtotal,punto_de_venta_localidad) VALUES ('SUBA-10006-2','1000.669.884',84231.52,'SUBA');
INSERT INTO productosDeFactura(factura_cod,nom_producto,cantidad,valor) VALUES('SUBA-10006-2','PANELA',2.98,2380.99);
INSERT INTO productosDeFactura(factura_cod,nom_producto,cantidad,valor) VALUES('SUBA-10006-2','FRIJOL',4.01,7219.08);
INSERT INTO productosDeFactura(factura_cod,nom_producto,cantidad,valor) VALUES('SUBA-10006-2','JABON LOZA',1.00,5000.00);
INSERT INTO productosDeFactura(factura_cod,nom_producto,cantidad,valor) VALUES('SUBA-10006-2','LENTEJAS',4.93,7886.96);
INSERT INTO productosDeFactura(factura_cod,nom_producto,cantidad,valor) VALUES('SUBA-10006-2','JABON MANOS',2.00,16000.00);
INSERT INTO productosDeFactura(factura_cod,nom_producto,cantidad,valor) VALUES('SUBA-10006-2','PEPINO',1.15,516.97);
INSERT INTO productosDeFactura(factura_cod,nom_producto,cantidad,valor) VALUES('SUBA-10006-2','DETERGENTE',3.00,45000.00);
INSERT INTO productosDeFactura(factura_cod,nom_producto,cantidad,valor) VALUES('SUBA-10006-2','LECHUGA',0.13,227.52);
INSERT INTO cliente(cliente_cc,cliente_edad,cliente_genero) VALUES ('1000.648.126',22,'M');
INSERT INTO factura(factura_cod,cliente_cc,subtotal,punto_de_venta_localidad) VALUES ('USME-10006-3','1000.648.126',104538.84,'USME');
INSERT INTO productosDeFactura(factura_cod,nom_producto,cantidad,valor) VALUES('USME-10006-3','CEBOLLA C',4.19,2094.17);
INSERT INTO productosDeFactura(factura_cod,nom_producto,cantidad,valor) VALUES('USME-10006-3','FRIJOL',0.85,1535.85);
INSERT INTO productosDeFactura(factura_cod,nom_producto,cantidad,valor) VALUES('USME-10006-3','TOMATE',4.56,2052.88);
INSERT INTO productosDeFactura(factura_cod,nom_producto,cantidad,valor) VALUES('USME-10006-3','JABON LOZA',6.00,30000.00);
INSERT INTO productosDeFactura(factura_cod,nom_producto,cantidad,valor) VALUES('USME-10006-3','ARROZ',1.12,3364.91);
INSERT INTO productosDeFactura(factura_cod,nom_producto,cantidad,valor) VALUES('USME-10006-3','DETERGENTE',4.00,60000.00);
INSERT INTO productosDeFactura(factura_cod,nom_producto,cantidad,valor) VALUES('USME-10006-3','PEPINO',1.55,698.99);
INSERT INTO productosDeFactura(factura_cod,nom_producto,cantidad,valor) VALUES('USME-10006-3','PAPA SAB',5.04,4792.04);
INSERT INTO cliente(cliente_cc,cliente_edad,cliente_genero) VALUES ('1000.049.357',1,'M');
INSERT INTO factura(factura_cod,cliente_cc,subtotal,punto_de_venta_localidad) VALUES ('CIUD-10000-4','1000.049.357',20794.18,'CIUDAD BOLIVAR');
INSERT INTO productosDeFactura(factura_cod,nom_producto,cantidad,valor) VALUES('CIUD-10000-4','CEBOLLA C',0.65,324.85);
INSERT INTO productosDeFactura(factura_cod,nom_producto,cantidad,valor) VALUES('CIUD-10000-4','JABON MANOS',1.00,8000.00);
INSERT INTO productosDeFactura(factura_cod,nom_producto,cantidad,valor) VALUES('CIUD-10000-4','LENTEJAS',5.49,8789.16);
INSERT INTO productosDeFactura(factura_cod,nom_producto,cantidad,valor) VALUES('CIUD-10000-4','PEPINO',3.49,1569.35);
INSERT INTO productosDeFactura(factura_cod,nom_producto,cantidad,valor) VALUES('CIUD-10000-4','ESPINACA',3.02,2110.82);
INSERT INTO cliente(cliente_cc,cliente_edad,cliente_genero) VALUES ('49.363.170',47,'F');
INSERT INTO factura(factura_cod,cliente_cc,subtotal,punto_de_venta_localidad) VALUES ('BOSA-49363-5','49.363.170',77535.43,'BOSA');
INSERT INTO productosDeFactura(factura_cod,nom_producto,cantidad,valor) VALUES('BOSA-49363-5','CEBOLLA C',3.02,1507.83);
INSERT INTO productosDeFactura(factura_cod,nom_producto,cantidad,valor) VALUES('BOSA-49363-5','TOMATE',1.96,884.17);
INSERT INTO productosDeFactura(factura_cod,nom_producto,cantidad,valor) VALUES('BOSA-49363-5','ARROZ',5.20,15614.75);
INSERT INTO productosDeFactura(factura_cod,nom_producto,cantidad,valor) VALUES('BOSA-49363-5','JABON MANOS',2.00,16000.00);
INSERT INTO productosDeFactura(factura_cod,nom_producto,cantidad,valor) VALUES('BOSA-49363-5','CEBOLLA LAR',4.23,3387.37);
INSERT INTO productosDeFactura(factura_cod,nom_producto,cantidad,valor) VALUES('BOSA-49363-5','DETERGENTE',2.00,30000.00);
INSERT INTO productosDeFactura(factura_cod,nom_producto,cantidad,valor) VALUES('BOSA-49363-5','ESPINACA',4.93,3452.74);
INSERT INTO productosDeFactura(factura_cod,nom_producto,cantidad,valor) VALUES('BOSA-49363-5','ACEITE',2.68,6688.57);
INSERT INTO cliente(cliente_cc,cliente_edad,cliente_genero) VALUES ('41.803.542',66,'F');
INSERT INTO factura(factura_cod,cliente_cc,subtotal,punto_de_venta_localidad) VALUES ('PUEN-41803-6','41.803.542',67877.28,'PUENTE ARANDA');
INSERT INTO productosDeFactura(factura_cod,nom_producto,cantidad,valor) VALUES('PUEN-41803-6','CEBOLLA C',1.84,917.84);
INSERT INTO productosDeFactura(factura_cod,nom_producto,cantidad,valor) VALUES('PUEN-41803-6','AJO',0.15,364.86);
INSERT INTO productosDeFactura(factura_cod,nom_producto,cantidad,valor) VALUES('PUEN-41803-6','ARROZ',1.10,3302.96);
INSERT INTO productosDeFactura(factura_cod,nom_producto,cantidad,valor) VALUES('PUEN-41803-6','LENTEJAS',3.62,5791.76);
INSERT INTO productosDeFactura(factura_cod,nom_producto,cantidad,valor) VALUES('PUEN-41803-6','JABON MANOS',3.00,24000.00);
INSERT INTO productosDeFactura(factura_cod,nom_producto,cantidad,valor) VALUES('PUEN-41803-6','CEBOLLA LAR',4.37,3499.86);
INSERT INTO productosDeFactura(factura_cod,nom_producto,cantidad,valor) VALUES('PUEN-41803-6','DETERGENTE',2.00,30000.00);
INSERT INTO cliente(cliente_cc,cliente_edad,cliente_genero) VALUES ('1010.277.104',17,'F');
INSERT INTO factura(factura_cod,cliente_cc,subtotal,punto_de_venta_localidad) VALUES ('SUBA-10102-7','1010.277.104',80662.47,'SUBA');
INSERT INTO productosDeFactura(factura_cod,nom_producto,cantidad,valor) VALUES('SUBA-10102-7','JABON LOZA',1.00,5000.00);
INSERT INTO productosDeFactura(factura_cod,nom_producto,cantidad,valor) VALUES('SUBA-10102-7','LENTEJAS',3.41,5448.69);
INSERT INTO productosDeFactura(factura_cod,nom_producto,cantidad,valor) VALUES('SUBA-10102-7','JABON MANOS',2.00,16000.00);
INSERT INTO productosDeFactura(factura_cod,nom_producto,cantidad,valor) VALUES('SUBA-10102-7','DETERGENTE',3.00,45000.00);
INSERT INTO productosDeFactura(factura_cod,nom_producto,cantidad,valor) VALUES('SUBA-10102-7','ESPINACA',3.33,2332.08);
INSERT INTO productosDeFactura(factura_cod,nom_producto,cantidad,valor) VALUES('SUBA-10102-7','LECHUGA',3.82,6881.70);
INSERT INTO cliente(cliente_cc,cliente_edad,cliente_genero) VALUES ('1000.972.511',16,'M');
INSERT INTO factura(factura_cod,cliente_cc,subtotal,punto_de_venta_localidad) VALUES ('RAFA-10009-8','1000.972.511',92255.92,'RAFAEL URIBE URIBE');
INSERT INTO productosDeFactura(factura_cod,nom_producto,cantidad,valor) VALUES('RAFA-10009-8','CEBOLLA C',7.61,3802.84);
INSERT INTO productosDeFactura(factura_cod,nom_producto,cantidad,valor) VALUES('RAFA-10009-8','JABON LOZA',6.00,30000.00);
INSERT INTO productosDeFactura(factura_cod,nom_producto,cantidad,valor) VALUES('RAFA-10009-8','CEBOLLA LAR',4.00,3202.92);
INSERT INTO productosDeFactura(factura_cod,nom_producto,cantidad,valor) VALUES('RAFA-10009-8','DETERGENTE',3.00,45000.00);
INSERT INTO productosDeFactura(factura_cod,nom_producto,cantidad,valor) VALUES('RAFA-10009-8','ESPINACA',1.66,1165.30);
INSERT INTO productosDeFactura(factura_cod,nom_producto,cantidad,valor) VALUES('RAFA-10009-8','LECHUGA',3.48,6255.29);
INSERT INTO productosDeFactura(factura_cod,nom_producto,cantidad,valor) VALUES('RAFA-10009-8','PAPA PAS',2.36,2829.56);
INSERT INTO cliente(cliente_cc,cliente_edad,cliente_genero) VALUES ('1010.100.793',7,'F');
INSERT INTO factura(factura_cod,cliente_cc,subtotal,punto_de_venta_localidad) VALUES ('SUBA-10101-9','1010.100.793',68978.62,'SUBA');
INSERT INTO productosDeFactura(factura_cod,nom_producto,cantidad,valor) VALUES('SUBA-10101-9','JABON LOZA',1.00,5000.00);
INSERT INTO productosDeFactura(factura_cod,nom_producto,cantidad,valor) VALUES('SUBA-10101-9','AJO',3.18,7940.82);
INSERT INTO productosDeFactura(factura_cod,nom_producto,cantidad,valor) VALUES('SUBA-10101-9','LENTEJAS',5.87,9388.32);
INSERT INTO productosDeFactura(factura_cod,nom_producto,cantidad,valor) VALUES('SUBA-10101-9','DETERGENTE',3.00,45000.00);
INSERT INTO productosDeFactura(factura_cod,nom_producto,cantidad,valor) VALUES('SUBA-10101-9','CEBOLLA LAR',1.17,935.42);
INSERT INTO productosDeFactura(factura_cod,nom_producto,cantidad,valor) VALUES('SUBA-10101-9','LECHUGA',0.40,714.06);
INSERT INTO cliente(cliente_cc,cliente_edad,cliente_genero) VALUES ('21.981.080',63,'M');
INSERT INTO factura(factura_cod,cliente_cc,subtotal,punto_de_venta_localidad) VALUES ('PUEN-21981-10','21.981.080',91060.10,'PUENTE ARANDA');
INSERT INTO productosDeFactura(factura_cod,nom_producto,cantidad,valor) VALUES('PUEN-21981-10','CEBOLLA C',5.16,2580.39);
INSERT INTO productosDeFactura(factura_cod,nom_producto,cantidad,valor) VALUES('PUEN-21981-10','FRIJOL',6.76,12166.42);
INSERT INTO productosDeFactura(factura_cod,nom_producto,cantidad,valor) VALUES('PUEN-21981-10','JABON LOZA',5.00,25000.00);
INSERT INTO productosDeFactura(factura_cod,nom_producto,cantidad,valor) VALUES('PUEN-21981-10','AJO',5.36,13399.30);
INSERT INTO productosDeFactura(factura_cod,nom_producto,cantidad,valor) VALUES('PUEN-21981-10','ARROZ',4.89,14676.24);
INSERT INTO productosDeFactura(factura_cod,nom_producto,cantidad,valor) VALUES('PUEN-21981-10','JABON MANOS',2.00,16000.00);
INSERT INTO productosDeFactura(factura_cod,nom_producto,cantidad,valor) VALUES('PUEN-21981-10','LENTEJAS',0.50,805.44);
INSERT INTO productosDeFactura(factura_cod,nom_producto,cantidad,valor) VALUES('PUEN-21981-10','CEBOLLA LAR',4.82,3857.32);
INSERT INTO productosDeFactura(factura_cod,nom_producto,cantidad,valor) VALUES('PUEN-21981-10','PAPA PAS',2.15,2574.99);
